confidence,support,entities_tested,linked_dbpedia,linked_pct
0.2,0,23,23,1.0
0.35,20,23,16,0.6956521739130435
0.5,10,23,16,0.6956521739130435
0.7,50,23,13,0.5652173913043478
